date UTC,lat,lon,prof,mag,location
2022-03-31 12:00:00,38.692,-28.165,13,2.1,Ilha de S. Jorge (W)
2022-03-31 10:57:00,38.555,-27.975,16,2.1,Canal de S. Jorge
2022-03-31 08:48:00,38.69,-28.169,8,2.1,Ilha de S. Jorge (W)
2022-03-31 00:46:00,38.693,-28.204,5,2.1,Ilha de S. Jorge (W)
2022-03-30 23:31:00,38.731,-28.298,6,3.6,Ilha de S. Jorge (W)
2022-03-30 15:39:00,38.694,-28.192,9,2.4,Ilha de S. Jorge (W)
2022-03-30 15:36:00,38.684,-28.186,7,2.0,Ilha de S. Jorge (W)
2022-03-30 14:21:00,38.692,-28.175,7,2.0,Ilha de S. Jorge (W)
2022-03-30 13:46:00,38.747,-28.309,5,2.5,Ilha de S. Jorge (W)
2022-03-30 12:56:00,38.703,-28.204,12,2.3,Ilha de S. Jorge (W)
2022-03-30 10:08:00,38.748,-28.309,5,2.1,Ilha de S. Jorge (W)
2022-03-30 08:57:00,38.691,-28.19,8,2.1,Ilha de S. Jorge (W)
2022-03-30 06:57:00,38.682,-28.171,8,2.1,Ilha de S. Jorge (W)
2022-03-30 05:39:00,38.697,-28.199,10,2.2,Ilha de S. Jorge (W)
2022-03-30 04:42:00,38.692,-28.178,10,2.0,Ilha de S. Jorge (W)
2022-03-30 04:02:00,38.695,-28.214,12,2.1,Ilha de S. Jorge (W)
2022-03-30 03:10:00,38.7,-28.196,10,2.2,Ilha de S. Jorge (W)
2022-03-30 00:18:00,38.69,-28.2,11,2.0,Ilha de S. Jorge (W)
2022-03-29 21:56:00,38.686,-28.215,10,4.0,Ilha de S. Jorge (W)
2022-03-29 19:35:00,38.696,-28.205,12,2.2,Ilha de S. Jorge (W)
2022-03-29 19:30:00,38.682,-28.179,9,2.2,Ilha de S. Jorge (W)
2022-03-29 19:29:00,38.693,-28.166,8,2.1,Ilha de S. Jorge (W)
2022-03-29 19:20:00,38.689,-28.195,11,2.5,Ilha de S. Jorge (W)
2022-03-29 19:18:00,38.692,-28.216,7,2.0,Ilha de S. Jorge (W)
2022-03-29 18:47:00,38.679,-28.203,11,2.5,Ilha de S. Jorge (W)
2022-03-29 15:14:00,38.696,-28.205,11,2.1,Ilha de S. Jorge (W)
2022-03-29 15:04:00,38.7,-28.197,10,2.4,Ilha de S. Jorge (W)
2022-03-29 13:34:00,38.706,-28.224,12,2.1,Ilha de S. Jorge (W)
2022-03-29 10:27:00,38.704,-28.149,13,2.0,Ilha de S. Jorge (W)
2022-03-29 10:21:00,38.694,-28.187,10,2.0,Ilha de S. Jorge (W)
2022-03-29 06:31:00,38.693,-28.2,12,2.2,Ilha de S. Jorge (W)
2022-03-29 04:13:00,38.702,-28.209,12,2.0,Ilha de S. Jorge (W)
2022-03-29 03:46:00,38.745,-28.304,5,2.0,Ilha de S. Jorge (W)
2022-03-29 03:19:00,38.688,-28.231,13,2.0,Ilha de S. Jorge (W)
2022-03-28 22:34:00,38.694,-28.2,12,2.4,Ilha de S. Jorge (W)
2022-03-28 20:46:00,38.703,-28.212,7,2.0,Ilha de S. Jorge (W)
2022-03-28 19:52:00,38.683,-28.132,10,2.1,Ilha de S. Jorge (W)
2022-03-28 16:37:00,38.684,-28.175,9,2.0,Ilha de S. Jorge (W)
2022-03-28 15:24:00,38.69,-28.166,13,2.0,Ilha de S. Jorge (W)
2022-03-28 15:22:00,38.687,-28.177,14,2.0,Ilha de S. Jorge (W)
2022-03-28 10:28:00,38.707,-28.217,6,2.2,Ilha de S. Jorge (W)
2022-03-28 09:05:00,38.691,-28.19,10,2.0,Ilha de S. Jorge (W)
2022-03-28 08:57:00,38.696,-28.236,11,3.0,Ilha de S. Jorge (W)
2022-03-28 08:56:00,38.689,-28.226,11,2.5,Ilha de S. Jorge (W)
2022-03-28 07:38:00,38.679,-28.134,10,2.4,Ilha de S. Jorge (W)
2022-03-28 07:32:00,38.697,-28.174,12,2.1,Ilha de S. Jorge (W)
2022-03-28 07:31:00,38.683,-28.127,12,2.0,Ilha de S. Jorge (W)
2022-03-28 07:26:00,38.69,-28.166,12,2.0,Ilha de S. Jorge (W)
2022-03-28 04:20:00,38.697,-28.193,12,2.0,Ilha de S. Jorge (W)
2022-03-28 03:14:00,38.679,-28.125,12,2.2,Ilha de S. Jorge (W)
2022-03-28 02:51:00,38.699,-28.181,10,2.3,Ilha de S. Jorge (W)
2022-03-28 01:45:00,38.689,-28.167,9,2.1,Ilha de S. Jorge (W)
2022-03-28 01:32:00,38.646,-28.062,27,2.1,Ilha de S. Jorge (W)
2022-03-28 00:23:00,38.693,-28.207,12,2.0,Ilha de S. Jorge (W)
2022-03-27 23:25:00,38.694,-28.187,12,2.2,Ilha de S. Jorge (W)
2022-03-27 23:20:00,38.684,-28.167,13,2.0,Ilha de S. Jorge (W)
2022-03-27 23:16:00,38.691,-28.174,13,2.0,Ilha de S. Jorge (W)
2022-03-27 23:02:00,38.695,-28.185,12,2.2,Ilha de S. Jorge (W)
2022-03-27 22:43:00,38.696,-28.162,13,2.2,Ilha de S. Jorge (W)
2022-03-27 22:24:00,38.698,-28.189,12,2.2,Ilha de S. Jorge (W)
2022-03-27 19:36:00,38.7,-28.155,14,2.4,Ilha de S. Jorge (W)
2022-03-27 19:02:00,38.674,-28.138,9,2.3,Ilha de S. Jorge (W)
2022-03-27 16:42:00,38.692,-28.191,9,2.5,Ilha de S. Jorge (W)
2022-03-27 16:42:00,38.692,-28.191,9,2.5,Ilha de S. Jorge (W)
2022-03-27 15:23:00,38.693,-28.182,11,2.0,Ilha de S. Jorge (W)
2022-03-27 14:53:00,38.686,-28.135,11,2.3,Ilha de S. Jorge (W)
2022-03-27 14:24:00,38.689,-28.174,12,2.2,Ilha de S. Jorge (W)
2022-03-27 13:53:00,38.684,-28.131,8,2.7,Ilha de S. Jorge (W)
2022-03-27 11:55:00,38.683,-28.13,9,2.1,Ilha de S. Jorge (W)
2022-03-27 11:34:00,38.691,-28.193,12,2.8,Ilha de S. Jorge (W)
2022-03-27 10:35:00,38.685,-28.137,12,2.1,Ilha de S. Jorge (W)
2022-03-27 09:47:00,38.678,-28.141,11,2.0,Ilha de S. Jorge (W)
2022-03-27 09:18:00,38.701,-28.14,7,2.0,Ilha de S. Jorge (W)
2022-03-27 09:16:00,38.693,-28.179,12,2.0,Ilha de S. Jorge (W)
2022-03-27 08:16:00,38.691,-28.17,13,2.4,Ilha de S. Jorge (W)
2022-03-27 08:14:00,38.702,-28.184,11,2.4,Ilha de S. Jorge (W)
2022-03-27 07:57:00,38.682,-28.136,11,2.0,Ilha de S. Jorge (W)
2022-03-27 06:50:00,38.697,-28.185,10,2.2,Ilha de S. Jorge (W)
2022-03-27 04:46:00,38.7,-28.182,12,2.1,Ilha de S. Jorge (W)
2022-03-27 04:25:00,38.707,-28.217,12,2.1,Ilha de S. Jorge (W)
2022-03-27 03:41:00,38.703,-28.198,11,2.5,Ilha de S. Jorge (W)
2022-03-27 03:37:00,38.699,-28.192,11,2.5,Ilha de S. Jorge (W)
2022-03-27 03:17:00,38.689,-28.162,7,2.0,Ilha de S. Jorge (W)
2022-03-27 01:46:00,38.701,-28.192,13,2.5,Ilha de S. Jorge (W)
2022-03-27 01:42:00,38.694,-28.201,7,2.7,Ilha de S. Jorge (W)
2022-03-27 01:09:00,38.709,-28.175,10,2.0,Ilha de S. Jorge (W)
2022-03-27 01:02:00,38.693,-28.165,8,2.0,Ilha de S. Jorge (W)
2022-03-27 00:40:00,38.694,-28.178,13,2.1,Ilha de S. Jorge (W)
2022-03-26 23:57:00,38.696,-28.212,12,2.4,Ilha de S. Jorge (W)
2022-03-26 23:07:00,38.687,-28.153,8,2.6,Ilha de S. Jorge (W)
2022-03-26 21:41:00,38.684,-28.13,9,2.0,Ilha de S. Jorge (W)
2022-03-26 21:11:00,38.686,-28.206,11,2.0,Ilha de S. Jorge (W)
2022-03-26 20:47:00,38.699,-28.191,13,2.1,Ilha de S. Jorge (W)
2022-03-26 20:20:00,38.682,-28.149,9,2.0,Ilha de S. Jorge (W)
2022-03-26 20:19:00,38.68,-28.134,10,2.2,Ilha de S. Jorge (W)
2022-03-26 19:02:00,38.692,-28.18,9,2.0,Ilha de S. Jorge (W)
2022-03-26 18:12:00,38.699,-28.188,12,2.6,Ilha de S. Jorge (W)
2022-03-26 17:46:00,38.686,-28.185,10,2.0,Ilha de S. Jorge (W)
2022-03-26 17:35:00,38.684,-28.196,10,2.2,Ilha de S. Jorge (W)
2022-03-26 16:15:00,38.676,-28.21,12,2.4,Ilha de S. Jorge (W)
2022-03-26 16:07:00,38.679,-28.128,11,2.2,Ilha de S. Jorge (W)
2022-03-26 14:34:00,38.683,-28.126,11,2.3,Ilha de S. Jorge (W)
2022-03-26 14:28:00,38.685,-28.177,12,2.1,Ilha de S. Jorge (W)
2022-03-26 14:09:00,38.68,-28.129,10,2.7,Ilha de S. Jorge (W)
2022-03-26 13:59:00,38.692,-28.182,12,2.0,Ilha de S. Jorge (W)
2022-03-26 13:25:00,38.68,-28.135,11,2.4,Ilha de S. Jorge (W)
2022-03-26 12:55:00,38.692,-28.164,12,2.4,Ilha de S. Jorge (W)
2022-03-26 12:33:00,38.681,-28.175,11,2.5,Ilha de S. Jorge (W)
2022-03-26 12:15:00,38.681,-28.139,11,2.7,Ilha de S. Jorge (W)
2022-03-26 11:37:00,38.677,-28.122,7,2.2,Ilha de S. Jorge (W)
2022-03-26 10:17:00,38.695,-28.188,10,2.0,Ilha de S. Jorge (W)
2022-03-26 10:03:00,38.7,-28.201,12,2.0,Ilha de S. Jorge (W)
2022-03-26 08:10:00,38.69,-28.193,12,2.0,Ilha de S. Jorge (W)
2022-03-26 08:10:00,38.708,-28.194,13,2.2,Ilha de S. Jorge (W)
2022-03-26 07:46:00,38.693,-28.19,12,2.2,Ilha de S. Jorge (W)
2022-03-26 07:27:00,38.682,-28.115,6,2.0,Ilha de S. Jorge (W)
2022-03-26 07:15:00,38.701,-28.213,8,2.4,Ilha de S. Jorge (W)
2022-03-26 07:09:00,38.69,-28.189,13,2.2,Ilha de S. Jorge (W)
2022-03-26 06:16:00,38.696,-28.197,12,2.0,Ilha de S. Jorge (W)
2022-03-26 05:45:00,38.691,-28.173,13,2.0,Ilha de S. Jorge (W)
2022-03-26 05:26:00,38.705,-28.176,11,2.2,Ilha de S. Jorge (W)
2022-03-26 05:08:00,38.698,-28.207,13,2.1,Ilha de S. Jorge (W)
2022-03-26 05:07:00,38.703,-28.206,8,2.3,Ilha de S. Jorge (W)
2022-03-26 04:54:00,38.707,-28.208,12,2.1,Ilha de S. Jorge (W)
2022-03-26 04:45:00,38.719,-28.163,5,2.2,N Ilha S. Jorge (W)
2022-03-26 04:29:00,38.694,-28.195,12,2.1,Ilha de S. Jorge (W)
2022-03-26 04:22:00,38.7,-28.206,13,2.5,Ilha de S. Jorge (W)
2022-03-26 03:27:00,38.681,-28.128,11,2.2,Ilha de S. Jorge (W)
2022-03-26 03:14:00,38.705,-28.182,7,2.1,Ilha de S. Jorge (W)
2022-03-26 03:11:00,38.698,-28.168,7,2.1,Ilha de S. Jorge (W)
2022-03-26 02:08:00,38.71,-28.26,13,2.0,Ilha de S. Jorge (W)
2022-03-26 01:35:00,38.694,-28.166,13,2.1,Ilha de S. Jorge (W)
2022-03-26 00:26:00,38.696,-28.203,11,2.4,Ilha de S. Jorge (W)
2022-03-26 00:08:00,38.694,-28.166,13,2.1,Ilha de S. Jorge (W)
2022-03-25 23:12:00,38.702,-28.196,11,2.4,Ilha de S. Jorge (W)
2022-03-25 22:37:00,38.7,-28.197,13,2.0,Ilha de S. Jorge (W)
2022-03-25 22:29:00,38.706,-28.23,12,2.0,Ilha de S. Jorge (W)
2022-03-25 21:33:00,38.707,-28.202,12,2.0,Ilha de S. Jorge (W)
2022-03-25 20:36:00,38.681,-28.13,10,2.0,Ilha de S. Jorge (W)
2022-03-25 20:10:00,38.693,-28.208,11,3.0,Ilha de S. Jorge (W)
2022-03-25 19:50:00,38.692,-28.185,10,2.2,Ilha de S. Jorge (W)
2022-03-25 19:01:00,38.696,-28.157,13,2.0,Ilha de S. Jorge (W)
2022-03-25 18:48:00,38.696,-28.166,13,2.4,Ilha de S. Jorge (W)
2022-03-25 18:30:00,38.688,-28.189,11,2.0,Ilha de S. Jorge (W)
2022-03-25 18:07:00,38.681,-28.152,11,2.7,Ilha de S. Jorge (W)
2022-03-25 17:43:00,38.691,-28.19,11,2.5,Ilha de S. Jorge (W)
2022-03-25 17:23:00,38.699,-28.191,12,2.8,Ilha de S. Jorge (W)
2022-03-25 17:16:00,38.703,-28.241,17,2.8,Ilha de S. Jorge (W)
2022-03-25 16:49:00,38.692,-28.187,11,2.1,Ilha de S. Jorge (W)
2022-03-25 16:23:00,38.699,-28.189,12,2.7,Ilha de S. Jorge (W)
2022-03-25 16:20:00,38.703,-28.188,11,2.8,Ilha de S. Jorge (W)
2022-03-25 15:08:00,38.669,-28.151,12,2.0,Ilha de S. Jorge (W)
2022-03-25 15:08:00,38.676,-28.135,11,2.0,Ilha de S. Jorge (W)
2022-03-25 15:06:00,38.686,-28.141,8,2.1,Ilha de S. Jorge (W)
2022-03-25 14:35:00,38.7,-28.186,11,2.1,Ilha de S. Jorge (W)
2022-03-25 13:17:00,38.674,-28.182,7,2.1,Ilha de S. Jorge (W)
2022-03-25 12:58:00,38.69,-28.199,7,2.0,Ilha de S. Jorge (W)
2022-03-25 12:55:00,38.7,-28.19,11,2.3,Ilha de S. Jorge (W)
2022-03-25 12:39:00,38.679,-28.135,9,2.0,Ilha de S. Jorge (W)
2022-03-25 12:37:00,38.679,-28.122,9,2.2,Ilha de S. Jorge (W)
2022-03-25 12:11:00,38.69,-28.233,13,2.2,Ilha de S. Jorge (W)
2022-03-25 12:09:00,38.703,-28.152,14,2.0,Ilha de S. Jorge (W)
2022-03-25 11:46:00,38.694,-28.191,12,2.4,Ilha de S. Jorge (W)
2022-03-25 11:25:00,38.703,-28.207,10,2.1,Ilha de S. Jorge (W)
2022-03-25 11:18:00,38.693,-28.184,7,2.1,Ilha de S. Jorge (W)
2022-03-25 11:18:00,38.701,-28.181,10,2.2,Ilha de S. Jorge (W)
2022-03-25 10:24:00,38.695,-28.169,12,2.1,Ilha de S. Jorge (W)
2022-03-25 09:53:00,38.713,-28.248,13,2.3,Ilha de S. Jorge (W)
2022-03-25 09:36:00,38.697,-28.182,12,2.3,Ilha de S. Jorge (W)
2022-03-25 09:23:00,38.689,-28.135,10,2.2,Ilha de S. Jorge (W)
2022-03-25 09:10:00,38.694,-28.204,10,3.1,Ilha de S. Jorge (W)
2022-03-25 09:00:00,38.698,-28.184,11,2.1,Ilha de S. Jorge (W)
2022-03-25 08:58:00,38.685,-28.186,10,2.0,Ilha de S. Jorge (W)
2022-03-25 08:01:00,38.687,-28.186,10,2.1,Ilha de S. Jorge (W)
2022-03-25 07:10:00,38.692,-28.197,9,2.5,Ilha de S. Jorge (W)
2022-03-25 07:07:00,38.684,-28.143,12,2.3,Ilha de S. Jorge (W)
2022-03-25 06:17:00,38.69,-28.183,11,2.1,Ilha de S. Jorge (W)
2022-03-25 06:08:00,38.709,-28.194,14,2.0,Ilha de S. Jorge (W)
2022-03-25 05:41:00,38.691,-28.176,12,2.6,Ilha de S. Jorge (W)
2022-03-25 04:43:00,38.673,-28.143,14,2.1,Ilha de S. Jorge (W)
2022-03-25 03:57:00,38.686,-28.163,11,2.1,Ilha de S. Jorge (W)
2022-03-25 03:48:00,38.698,-28.199,12,2.1,Ilha de S. Jorge (W)
2022-03-25 03:11:00,38.679,-28.137,10,2.1,Ilha de S. Jorge (W)
2022-03-25 03:02:00,38.681,-28.125,11,2.3,Ilha de S. Jorge (W)
2022-03-25 02:58:00,38.682,-28.141,11,2.5,Ilha de S. Jorge (W)
2022-03-25 02:52:00,38.691,-28.185,11,2.3,Ilha de S. Jorge (W)
2022-03-25 02:46:00,38.678,-28.19,9,2.1,Ilha de S. Jorge (W)
2022-03-25 02:26:00,38.695,-28.2,12,2.0,Ilha de S. Jorge (W)
2022-03-25 01:37:00,38.683,-28.136,9,2.2,Ilha de S. Jorge (W)
2022-03-25 01:14:00,38.684,-28.207,14,2.0,Ilha de S. Jorge (W)
2022-03-25 00:39:00,38.682,-28.123,11,2.1,Ilha de S. Jorge (W)
2022-03-25 00:33:00,38.691,-28.193,12,2.2,Ilha de S. Jorge (W)
2022-03-25 00:27:00,38.685,-28.185,11,2.3,Ilha de S. Jorge (W)
2022-03-25 00:15:00,38.69,-28.197,11,2.0,Ilha de S. Jorge (W)
2022-03-25 00:10:00,38.694,-28.189,11,2.3,Ilha de S. Jorge (W)
2022-03-24 23:37:00,38.695,-28.19,12,2.2,Ilha de S. Jorge (W)
2022-03-24 23:29:00,38.689,-28.174,12,2.1,Ilha de S. Jorge (W)
2022-03-24 23:16:00,38.7,-28.202,11,2.0,Ilha de S. Jorge (W)
2022-03-24 23:10:00,38.68,-28.135,11,2.3,Ilha de S. Jorge (W)
2022-03-24 22:50:00,38.682,-28.139,9,2.0,Ilha de S. Jorge (W)
2022-03-24 22:38:00,38.694,-28.19,12,2.0,Ilha de S. Jorge (W)
2022-03-24 22:10:00,38.685,-28.205,9,2.5,Ilha de S. Jorge (W)
2022-03-24 22:01:00,38.683,-28.137,11,2.0,Ilha de S. Jorge (W)
2022-03-24 21:40:00,38.698,-28.205,7,2.7,Ilha de S. Jorge (W)
2022-03-24 21:35:00,38.688,-28.183,11,2.0,Ilha de S. Jorge (W)
2022-03-24 20:56:00,38.693,-28.176,12,2.3,Ilha de S. Jorge (W)
2022-03-24 19:02:00,38.694,-28.181,7,2.0,Ilha de S. Jorge (W)
2022-03-24 18:52:00,38.682,-28.138,12,2.1,Ilha de S. Jorge (W)
2022-03-24 18:07:00,38.691,-28.18,13,2.1,Ilha de S. Jorge (W)
2022-03-24 17:39:00,38.683,-28.127,12,2.5,Ilha de S. Jorge (W)
2022-03-24 16:48:00,38.695,-28.185,12,2.0,Ilha de S. Jorge (W)
2022-03-24 16:47:00,38.7,-28.16,5,2.2,Ilha de S. Jorge (W)
2022-03-24 15:25:00,38.683,-28.127,10,2.2,Ilha de S. Jorge (W)
2022-03-24 15:20:00,38.692,-28.179,12,2.1,Ilha de S. Jorge (W)
2022-03-24 15:17:00,38.671,-28.126,10,2.0,Ilha de S. Jorge (W)
2022-03-24 14:24:00,38.68,-28.13,10,2.4,Ilha de S. Jorge (W)
2022-03-24 14:19:00,38.684,-28.135,10,2.3,Ilha de S. Jorge (W)
2022-03-24 14:13:00,38.693,-28.21,10,2.2,Ilha de S. Jorge (W)
2022-03-24 14:08:00,38.684,-28.132,8,2.1,Ilha de S. Jorge (W)
2022-03-24 13:47:00,38.677,-28.116,12,2.0,Ilha de S. Jorge (W)
2022-03-24 13:29:00,38.678,-28.121,11,2.1,Ilha de S. Jorge (W)
2022-03-24 13:25:00,38.704,-28.218,6,2.7,Ilha de S. Jorge (W)
2022-03-24 12:08:00,38.694,-28.169,12,2.5,Ilha de S. Jorge (W)
2022-03-24 11:32:00,38.695,-28.179,13,2.0,Ilha de S. Jorge (W)
2022-03-24 08:12:00,38.69,-28.166,13,2.2,Ilha de S. Jorge (W)
2022-03-24 07:39:00,38.693,-28.221,12,3.5,Ilha de S. Jorge (W)
2022-03-24 07:32:00,38.7,-28.209,13,2.0,Ilha de S. Jorge (W)
2022-03-24 06:23:00,38.694,-28.157,13,2.2,Ilha de S. Jorge (W)
2022-03-24 06:14:00,38.686,-28.124,12,2.0,Ilha de S. Jorge (W)
2022-03-24 05:10:00,38.695,-28.188,8,2.5,Ilha de S. Jorge (W)
2022-03-24 03:29:00,38.691,-28.131,13,2.0,Ilha de S. Jorge (W)
2022-03-24 03:14:00,38.686,-28.136,13,2.2,Ilha de S. Jorge (W)
2022-03-24 02:59:00,38.68,-28.121,11,2.0,Ilha de S. Jorge (W)
2022-03-24 01:36:00,38.689,-28.14,13,2.2,Ilha de S. Jorge (W)
2022-03-24 01:34:00,38.697,-28.189,11,2.0,Ilha de S. Jorge (W)
2022-03-24 01:21:00,38.683,-28.132,13,2.1,Ilha de S. Jorge (W)
2022-03-24 01:03:00,38.685,-28.133,12,2.7,Ilha de S. Jorge (W)
2022-03-24 01:01:00,38.678,-28.128,12,2.6,Ilha de S. Jorge (W)
2022-03-24 00:40:00,38.686,-28.149,13,2.3,Ilha de S. Jorge (W)
2022-03-23 23:59:00,38.689,-28.196,8,2.5,Ilha de S. Jorge (W)
2022-03-23 23:53:00,38.683,-28.134,13,2.2,Ilha de S. Jorge (W)
2022-03-23 23:51:00,38.646,-28.091,13,2.2,Ilha de S. Jorge (W)
2022-03-23 23:37:00,38.685,-28.134,11,2.5,Ilha de S. Jorge (W)
2022-03-23 22:59:00,38.69,-28.145,13,1.9,Ilha de S. Jorge (W)
2022-03-23 22:15:00,38.687,-28.147,13,2.3,Ilha de S. Jorge (W)
2022-03-23 21:12:00,38.7,-28.198,12,2.0,Ilha de S. Jorge (W)
2022-03-23 20:58:00,38.699,-28.203,12,2.2,Ilha de S. Jorge (W)
2022-03-23 20:52:00,38.69,-28.141,13,2.0,Ilha de S. Jorge (W)
2022-03-23 20:19:00,38.69,-28.184,10,2.2,Ilha de S. Jorge (W)
2022-03-23 18:57:00,38.684,-28.155,10,2.8,Ilha de S. Jorge (W)
2022-03-23 18:31:00,38.674,-28.138,10,2.4,Ilha de S. Jorge (W)
2022-03-23 18:30:00,38.679,-28.155,9,2.5,Ilha de S. Jorge (W)
2022-03-23 18:15:00,38.69,-28.184,13,2.3,Ilha de S. Jorge (W)
2022-03-23 17:56:00,38.68,-28.143,10,2.5,Ilha de S. Jorge (W)
2022-03-23 17:56:00,38.688,-28.143,8,2.2,Ilha de S. Jorge (W)
2022-03-23 17:40:00,38.694,-28.203,11,2.5,Ilha de S. Jorge (W)
2022-03-23 17:31:00,38.697,-28.21,12,2.8,Ilha de S. Jorge (W)
2022-03-23 17:04:00,38.682,-28.139,9,2.1,Ilha de S. Jorge (W)
2022-03-23 16:38:00,38.68,-28.142,8,2.5,Ilha de S. Jorge (W)
2022-03-23 16:22:00,38.691,-28.172,12,2.1,Ilha de S. Jorge (W)
2022-03-23 16:09:00,38.705,-28.195,12,2.5,Ilha de S. Jorge (W)
2022-03-23 16:06:00,38.692,-28.187,8,2.4,Ilha de S. Jorge (W)
2022-03-23 15:55:00,38.69,-28.209,12,3.0,Ilha de S. Jorge (W)
2022-03-23 15:42:00,38.686,-28.179,10,2.3,Ilha de S. Jorge (W)
2022-03-23 15:31:00,38.69,-28.191,10,2.1,Ilha de S. Jorge (W)
2022-03-23 14:28:00,38.702,-28.216,12,2.2,Ilha de S. Jorge (W)
2022-03-23 12:31:00,38.687,-28.165,11,2.2,Ilha de S. Jorge (W)
2022-03-23 12:15:00,38.674,-28.159,10,2.1,Ilha de S. Jorge (W)
2022-03-23 11:50:00,38.688,-28.179,13,2.0,Ilha de S. Jorge (W)
2022-03-23 11:36:00,38.69,-28.183,11,2.2,Ilha de S. Jorge (W)
2022-03-23 11:35:00,38.692,-28.173,12,2.3,Ilha de S. Jorge (W)
2022-03-23 11:21:00,38.678,-28.147,10,2.7,Ilha de S. Jorge (W)
2022-03-23 11:02:00,38.685,-28.154,10,2.9,Ilha de S. Jorge (W)
2022-03-23 10:45:00,38.697,-28.205,13,2.2,Ilha de S. Jorge (W)
2022-03-23 10:28:00,38.671,-28.13,10,2.1,Ilha de S. Jorge (W)
2022-03-23 10:23:00,38.701,-28.205,12,2.0,Ilha de S. Jorge (W)
2022-03-23 09:55:00,38.695,-28.195,11,2.6,Ilha de S. Jorge (W)
2022-03-23 09:25:00,38.693,-28.173,13,2.3,Ilha de S. Jorge (W)
2022-03-23 09:10:00,38.691,-28.205,11,2.8,Ilha de S. Jorge (W)
2022-03-23 09:06:00,38.695,-28.173,13,2.1,Ilha de S. Jorge (W)
2022-03-23 08:59:00,38.694,-28.186,12,2.0,Ilha de S. Jorge (W)
2022-03-23 08:48:00,38.691,-28.199,11,2.0,Ilha de S. Jorge (W)
2022-03-23 08:37:00,38.703,-28.206,12,2.2,Ilha de S. Jorge (W)
2022-03-23 08:04:00,38.697,-28.199,12,2.2,Ilha de S. Jorge (W)
2022-03-23 08:01:00,38.626,-28.051,19,2.2,Ilha de S. Jorge (W)
2022-03-23 08:01:00,38.635,-28.062,15,2.1,Ilha de S. Jorge (W)
2022-03-23 07:53:00,38.682,-28.134,13,3.2,Ilha de S. Jorge (W)
2022-03-23 07:25:00,38.699,-28.188,12,2.0,Ilha de S. Jorge (W)
2022-03-23 07:22:00,38.701,-28.205,12,2.0,Ilha de S. Jorge (W)
2022-03-23 07:16:00,38.68,-28.14,11,2.5,Ilha de S. Jorge (W)
2022-03-23 07:14:00,38.693,-28.183,10,2.2,Ilha de S. Jorge (W)
2022-03-23 07:09:00,38.691,-28.178,12,2.2,Ilha de S. Jorge (W)
2022-03-23 06:58:00,38.676,-28.132,11,2.2,Ilha de S. Jorge (W)
2022-03-23 06:39:00,38.7,-28.21,13,2.3,Ilha de S. Jorge (W)
2022-03-23 06:27:00,38.688,-28.158,12,2.0,Ilha de S. Jorge (W)
2022-03-23 06:26:00,38.688,-28.167,12,2.1,Ilha de S. Jorge (W)
2022-03-23 06:22:00,38.701,-28.205,12,2.1,Ilha de S. Jorge (W)
2022-03-23 06:18:00,38.681,-28.125,10,2.0,Ilha de S. Jorge (W)
2022-03-23 05:58:00,38.698,-28.198,6,2.3,Ilha de S. Jorge (W)
2022-03-23 05:51:00,38.694,-28.186,13,2.2,Ilha de S. Jorge (W)
2022-03-23 05:47:00,38.684,-28.136,9,2.4,Ilha de S. Jorge (W)
2022-03-23 05:33:00,38.708,-28.212,13,2.2,Ilha de S. Jorge (W)
2022-03-23 05:22:00,38.692,-28.174,13,2.5,Ilha de S. Jorge (W)
2022-03-23 05:22:00,38.694,-28.177,13,2.4,Ilha de S. Jorge (W)
2022-03-23 05:00:00,38.685,-28.184,11,2.0,Ilha de S. Jorge (W)
2022-03-23 04:57:00,38.678,-28.116,8,2.0,Ilha de S. Jorge (W)
2022-03-23 04:57:00,38.683,-28.131,11,2.0,Ilha de S. Jorge (W)
2022-03-23 04:49:00,38.682,-28.135,11,2.4,Ilha de S. Jorge (W)
2022-03-23 04:41:00,38.69,-28.178,12,2.0,Ilha de S. Jorge (W)
2022-03-23 04:21:00,38.69,-28.167,12,2.2,Ilha de S. Jorge (W)
2022-03-23 04:11:00,38.703,-28.207,13,2.5,Ilha de S. Jorge (W)
2022-03-23 03:21:00,38.69,-28.171,12,2.2,Ilha de S. Jorge (W)
2022-03-23 03:00:00,38.682,-28.126,12,2.6,Ilha de S. Jorge (W)
2022-03-23 02:52:00,38.702,-28.205,12,2.0,Ilha de S. Jorge (W)
2022-03-23 02:46:00,38.699,-28.201,13,3.1,Ilha de S. Jorge (W)
2022-03-23 02:39:00,38.695,-28.219,11,2.1,Ilha de S. Jorge (W)
2022-03-23 02:12:00,38.7,-28.198,12,2.2,Ilha de S. Jorge (W)
2022-03-23 02:11:00,38.69,-28.169,11,2.6,Ilha de S. Jorge (W)
2022-03-23 02:01:00,38.678,-28.132,11,2.7,Ilha de S. Jorge (W)
2022-03-23 01:58:00,38.681,-28.127,11,2.1,Ilha de S. Jorge (W)
2022-03-23 01:53:00,38.683,-28.125,10,2.7,Ilha de S. Jorge (W)
2022-03-23 01:51:00,38.694,-28.172,12,2.3,Ilha de S. Jorge (W)
2022-03-23 01:45:00,38.69,-28.187,11,2.0,Ilha de S. Jorge (W)
2022-03-23 01:42:00,38.695,-28.186,12,2.7,Ilha de S. Jorge (W)
2022-03-23 01:26:00,38.7,-28.191,11,2.4,Ilha de S. Jorge (W)
2022-03-23 01:21:00,38.692,-28.182,12,2.2,Ilha de S. Jorge (W)
2022-03-23 01:04:00,38.679,-28.129,11,2.0,Ilha de S. Jorge (W)
2022-03-23 00:38:00,38.7,-28.193,12,2.3,Ilha de S. Jorge (W)
2022-03-23 00:29:00,38.698,-28.191,12,2.7,Ilha de S. Jorge (W)
2022-03-22 23:46:00,38.682,-28.125,10,2.5,Ilha de S. Jorge (W)
2022-03-22 23:18:00,38.684,-28.15,11,2.1,Ilha de S. Jorge (W)
2022-03-22 22:47:00,38.695,-28.191,12,2.0,Ilha de S. Jorge (W)
2022-03-22 22:41:00,38.689,-28.175,9,2.1,Ilha de S. Jorge (W)
2022-03-22 22:33:00,38.698,-28.194,12,2.3,Ilha de S. Jorge (W)
2022-03-22 22:19:00,38.688,-28.139,12,2.7,Ilha de S. Jorge (W)
2022-03-22 22:14:00,38.68,-28.128,12,2.7,Ilha de S. Jorge (W)
2022-03-22 21:54:00,38.695,-28.179,11,2.4,Ilha de S. Jorge (W)
2022-03-22 21:44:00,38.692,-28.168,13,2.0,Ilha de S. Jorge (W)
2022-03-22 21:28:00,38.683,-28.135,12,2.2,Ilha de S. Jorge (W)
2022-03-22 21:07:00,38.692,-28.175,12,2.8,Ilha de S. Jorge (W)
2022-03-22 21:04:00,38.694,-28.183,9,2.3,Ilha de S. Jorge (W)
2022-03-22 19:57:00,38.687,-28.149,10,2.6,Ilha de S. Jorge (W)
2022-03-22 19:48:00,38.703,-28.184,13,2.3,Ilha de S. Jorge (W)
2022-03-22 19:40:00,38.698,-28.185,13,2.2,Ilha de S. Jorge (W)
2022-03-22 19:31:00,38.706,-28.198,13,2.0,Ilha de S. Jorge (W)
2022-03-22 19:27:00,38.695,-28.182,11,2.7,Ilha de S. Jorge (W)
2022-03-22 19:23:00,38.701,-28.201,12,2.0,Ilha de S. Jorge (W)
2022-03-22 19:07:00,38.693,-28.168,13,2.8,Ilha de S. Jorge (W)
2022-03-22 18:54:00,38.702,-28.204,12,3.0,Ilha de S. Jorge (W)
2022-03-22 18:02:00,38.678,-28.125,11,2.0,Ilha de S. Jorge (W)
2022-03-22 17:48:00,38.684,-28.139,11,2.5,Ilha de S. Jorge (W)
2022-03-22 17:12:00,38.693,-28.153,7,3.0,Ilha de S. Jorge (W)
2022-03-22 17:07:00,38.679,-28.136,10,2.2,Ilha de S. Jorge (W)
2022-03-22 16:51:00,38.684,-28.118,11,2.0,Ilha de S. Jorge (W)
2022-03-22 16:38:00,38.685,-28.134,8,2.0,Ilha de S. Jorge (W)
2022-03-22 16:27:00,38.69,-28.176,12,2.2,Ilha de S. Jorge (W)
2022-03-22 16:22:00,38.694,-28.217,11,2.1,Ilha de S. Jorge (W)
2022-03-22 16:13:00,38.692,-28.167,13,2.5,Ilha de S. Jorge (W)
2022-03-22 15:56:00,38.679,-28.12,10,2.2,Ilha de S. Jorge (W)
2022-03-22 15:36:00,38.688,-28.167,12,2.4,Ilha de S. Jorge (W)
2022-03-22 15:21:00,38.69,-28.181,12,2.1,Ilha de S. Jorge (W)
2022-03-22 15:19:00,38.696,-28.2,13,2.5,Ilha de S. Jorge (W)
2022-03-22 14:53:00,38.69,-28.169,12,2.5,Ilha de S. Jorge (W)
2022-03-22 14:43:00,38.694,-28.173,13,2.1,Ilha de S. Jorge (W)
2022-03-22 14:33:00,38.667,-28.105,7,2.4,Ilha de S. Jorge (W)
2022-03-22 14:22:00,38.7,-28.194,12,2.1,Ilha de S. Jorge (W)
2022-03-22 14:19:00,38.699,-28.184,10,2.1,Ilha de S. Jorge (W)
2022-03-22 14:16:00,38.69,-28.194,10,2.2,Ilha de S. Jorge (W)
2022-03-22 13:40:00,38.678,-28.163,12,2.2,Ilha de S. Jorge (W)
2022-03-22 13:39:00,38.699,-28.201,12,2.1,Ilha de S. Jorge (W)
2022-03-22 13:16:00,38.704,-28.197,13,2.4,Ilha de S. Jorge (W)
2022-03-22 13:13:00,38.687,-28.155,14,2.4,Ilha de S. Jorge (W)
2022-03-22 12:54:00,38.682,-28.164,7,2.1,Ilha de S. Jorge (W)
2022-03-22 12:13:00,38.693,-28.218,12,2.5,Ilha de S. Jorge (W)
2022-03-22 11:58:00,38.705,-28.219,5,2.4,Ilha de S. Jorge (W)
2022-03-22 11:55:00,38.69,-28.199,10,2.5,Ilha de S. Jorge (W)
2022-03-22 11:50:00,38.706,-28.21,12,2.0,Ilha de S. Jorge (W)
2022-03-22 11:24:00,38.705,-28.185,13,2.0,Ilha de S. Jorge (W)
2022-03-22 11:14:00,38.686,-28.179,12,2.1,Ilha de S. Jorge (W)
2022-03-22 11:13:00,38.69,-28.179,9,2.0,Ilha de S. Jorge (W)
2022-03-22 10:20:00,38.696,-28.181,10,2.0,Ilha de S. Jorge (W)
2022-03-22 10:17:00,38.673,-28.118,12,2.0,Ilha de S. Jorge (W)
2022-03-22 09:41:00,38.681,-28.132,8,2.4,Ilha de S. Jorge (W)
2022-03-22 09:33:00,38.679,-28.136,10,2.2,Ilha de S. Jorge (W)
2022-03-22 09:31:00,38.68,-28.14,9,2.4,Ilha de S. Jorge (W)
2022-03-22 09:13:00,38.697,-28.185,12,2.3,Ilha de S. Jorge (W)
2022-03-22 09:03:00,38.652,-28.058,14,2.0,Ilha de S. Jorge (W)
2022-03-22 08:41:00,38.691,-28.175,11,2.0,Ilha de S. Jorge (W)
2022-03-22 08:20:00,38.684,-28.129,13,2.4,Ilha de S. Jorge (W)
2022-03-22 08:06:00,38.699,-28.213,12,2.2,Ilha de S. Jorge (W)
2022-03-22 07:57:00,38.697,-28.187,13,2.4,Ilha de S. Jorge (W)
2022-03-22 07:44:00,38.693,-28.174,12,2.3,Ilha de S. Jorge (W)
2022-03-22 07:43:00,38.698,-28.177,13,2.4,Ilha de S. Jorge (W)
2022-03-22 07:34:00,38.686,-28.163,11,2.1,Ilha de S. Jorge (W)
2022-03-22 06:51:00,38.694,-28.173,9,2.2,Ilha de S. Jorge (W)
2022-03-22 06:44:00,38.683,-28.149,11,2.1,Ilha de S. Jorge (W)
2022-03-22 06:42:00,38.689,-28.183,12,2.4,Ilha de S. Jorge (W)
2022-03-22 06:39:00,38.698,-28.213,12,2.5,Ilha de S. Jorge (W)
2022-03-22 06:38:00,38.686,-28.147,11,2.5,Ilha de S. Jorge (W)
2022-03-22 06:32:00,38.703,-28.204,11,2.6,Ilha de S. Jorge (W)
2022-03-22 06:15:00,38.68,-28.116,13,2.0,Ilha de S. Jorge (W)
2022-03-22 05:55:00,38.7,-28.179,7,2.0,Ilha de S. Jorge (W)
2022-03-22 05:53:00,38.701,-28.208,11,2.4,Ilha de S. Jorge (W)
2022-03-22 05:28:00,38.697,-28.214,11,2.5,Ilha de S. Jorge (W)
2022-03-22 05:18:00,38.703,-28.203,12,2.3,Ilha de S. Jorge (W)
2022-03-22 05:16:00,38.708,-28.206,13,2.2,Ilha de S. Jorge (W)
2022-03-22 05:07:00,38.69,-28.185,12,2.3,Ilha de S. Jorge (W)
2022-03-22 05:05:00,38.681,-28.125,12,2.1,Ilha de S. Jorge (W)
2022-03-22 04:43:00,38.688,-28.143,10,2.3,Ilha de S. Jorge (W)
2022-03-22 04:13:00,38.706,-28.217,12,2.1,Ilha de S. Jorge (W)
2022-03-22 03:50:00,38.699,-28.184,9,2.4,Ilha de S. Jorge (W)
2022-03-22 02:47:00,38.699,-28.18,13,2.3,Ilha de S. Jorge (W)
2022-03-22 02:30:00,38.699,-28.169,13,2.1,Ilha de S. Jorge (W)
2022-03-22 02:24:00,38.693,-28.174,7,2.0,Ilha de S. Jorge (W)
2022-03-22 01:53:00,38.693,-28.162,13,2.6,Ilha de S. Jorge (W)
2022-03-22 00:53:00,38.707,-28.191,13,2.6,Ilha de S. Jorge (W)
2022-03-22 00:35:00,38.688,-28.142,10,2.5,Ilha de S. Jorge (W)
2022-03-22 00:32:00,38.691,-28.192,12,2.2,Ilha de S. Jorge (W)
2022-03-22 00:17:00,38.701,-28.167,9,2.0,Ilha de S. Jorge (W)
2022-03-22 00:00:00,38.7,-28.199,11,2.3,Ilha de S. Jorge (W)
2022-03-21 23:50:00,38.695,-28.176,13,2.0,Ilha de S. Jorge (W)
2022-03-21 22:45:00,38.681,-28.124,5,2.0,Ilha de S. Jorge (W)
2022-03-21 22:45:00,38.681,-28.121,5,2.0,Ilha de S. Jorge (W)
2022-03-21 22:21:00,38.687,-28.172,10,2.0,Ilha de S. Jorge (W)
2022-03-21 22:21:00,38.689,-28.168,11,2.1,Ilha de S. Jorge (W)
2022-03-21 22:19:00,38.7,-28.17,7,2.2,Ilha de S. Jorge (W)
2022-03-21 22:07:00,38.694,-28.234,11,2.5,Ilha de S. Jorge (W)
2022-03-21 21:43:00,38.692,-28.167,11,2.2,Ilha de S. Jorge (W)
2022-03-21 21:33:00,38.697,-28.163,11,2.0,Ilha de S. Jorge (W)
2022-03-21 21:30:00,38.687,-28.143,11,2.0,Ilha de S. Jorge (W)
2022-03-21 21:21:00,38.699,-28.189,11,2.0,Ilha de S. Jorge (W)
2022-03-21 21:05:00,38.681,-28.194,11,2.0,Ilha de S. Jorge (W)
2022-03-21 20:56:00,38.694,-28.196,12,2.3,Ilha de S. Jorge (W)
2022-03-21 20:41:00,38.691,-28.212,10,2.3,Ilha de S. Jorge (W)
2022-03-21 20:41:00,38.693,-28.227,12,2.4,Ilha de S. Jorge (W)
2022-03-21 20:38:00,38.68,-28.137,11,3.0,Ilha de S. Jorge (W)
2022-03-21 20:31:00,38.67,-28.11,11,2.2,Ilha de S. Jorge (W)
2022-03-21 20:15:00,38.689,-28.176,10,2.0,Ilha de S. Jorge (W)
2022-03-21 20:13:00,38.711,-28.214,11,2.5,Ilha de S. Jorge (W)
2022-03-21 20:02:00,38.695,-28.177,13,2.7,Ilha de S. Jorge (W)
2022-03-21 19:34:00,38.692,-28.169,12,2.3,Ilha de S. Jorge (W)
2022-03-21 19:28:00,38.7,-28.194,12,2.6,Ilha de S. Jorge (W)
2022-03-21 19:06:00,38.685,-28.108,5,2.2,Ilha de S. Jorge (W)
2022-03-21 19:02:00,38.699,-28.189,9,2.4,Ilha de S. Jorge (W)
2022-03-21 18:51:00,38.688,-28.168,12,2.3,Ilha de S. Jorge (W)
2022-03-21 18:29:00,38.695,-28.203,11,2.3,Ilha de S. Jorge (W)
2022-03-21 18:12:00,38.694,-28.117,11,2.0,Ilha de S. Jorge (W)
2022-03-21 17:56:00,38.693,-28.172,9,2.4,Ilha de S. Jorge (W)
2022-03-21 17:55:00,38.697,-28.225,12,2.4,Ilha de S. Jorge (W)
2022-03-21 17:47:00,38.69,-28.198,9,2.8,Ilha de S. Jorge (W)
2022-03-21 17:27:00,38.696,-28.196,8,2.1,Ilha de S. Jorge (W)
2022-03-21 17:09:00,38.687,-28.166,10,2.1,Ilha de S. Jorge (W)
2022-03-21 17:05:00,38.713,-28.205,14,2.2,Ilha de S. Jorge (W)
2022-03-21 16:58:00,38.691,-28.193,12,2.1,Ilha de S. Jorge (W)
2022-03-21 16:26:00,38.697,-28.213,12,2.3,Ilha de S. Jorge (W)
2022-03-21 16:26:00,38.7,-28.213,12,2.3,Ilha de S. Jorge (W)
2022-03-21 16:25:00,38.7,-28.198,10,2.3,Ilha de S. Jorge (W)
2022-03-21 16:10:00,38.691,-28.181,7,2.0,Ilha de S. Jorge (W)
2022-03-21 16:08:00,38.679,-28.139,10,2.1,Ilha de S. Jorge (W)
2022-03-21 15:48:00,38.725,-28.197,19,2.3,Ilha de S. Jorge (W)
2022-03-21 15:24:00,38.694,-28.135,7,2.0,Ilha de S. Jorge (W)
2022-03-21 15:22:00,38.678,-28.178,7,2.4,Ilha de S. Jorge (W)
2022-03-21 15:12:00,38.692,-28.185,12,2.6,Ilha de S. Jorge (W)
2022-03-21 15:08:00,38.692,-28.161,13,2.1,Ilha de S. Jorge (W)
2022-03-21 15:01:00,38.68,-28.185,11,2.0,Ilha de S. Jorge (W)
2022-03-21 14:58:00,38.696,-28.172,7,2.1,Ilha de S. Jorge (W)
2022-03-21 14:46:00,38.685,-28.178,12,2.3,Ilha de S. Jorge (W)
2022-03-21 14:46:00,38.692,-28.174,11,2.3,Ilha de S. Jorge (W)
2022-03-21 14:34:00,38.703,-28.212,12,2.3,Ilha de S. Jorge (W)
2022-03-21 14:33:00,38.715,-28.202,14,2.2,Ilha de S. Jorge (W)
2022-03-21 13:53:00,38.695,-28.189,9,2.0,Ilha de S. Jorge (W)
2022-03-21 13:41:00,38.689,-28.177,12,2.4,Ilha de S. Jorge (W)
2022-03-21 13:02:00,38.679,-28.119,7,2.5,Ilha de S. Jorge (W)
2022-03-21 12:59:00,38.673,-28.131,12,2.2,Ilha de S. Jorge (W)
2022-03-21 12:54:00,38.707,-28.232,12,2.0,Ilha de S. Jorge (W)
2022-03-21 12:34:00,38.695,-28.167,13,3.1,Ilha de S. Jorge (W)
2022-03-21 12:20:00,38.674,-28.147,12,2.2,Ilha de S. Jorge (W)
2022-03-21 12:00:00,38.68,-28.135,12,2.0,Ilha de S. Jorge (W)
2022-03-21 11:45:00,38.675,-28.114,12,2.1,Ilha de S. Jorge (W)
2022-03-21 11:39:00,38.7,-28.208,9,2.0,Ilha de S. Jorge (W)
2022-03-21 11:38:00,38.692,-28.183,7,2.3,Ilha de S. Jorge (W)
2022-03-21 11:31:00,38.687,-28.188,12,2.1,Ilha de S. Jorge (W)
2022-03-21 11:28:00,38.696,-28.171,13,2.4,Ilha de S. Jorge (W)
2022-03-21 11:08:00,38.697,-28.166,13,2.3,Ilha de S. Jorge (W)
2022-03-21 11:07:00,38.695,-28.19,12,2.1,Ilha de S. Jorge (W)
2022-03-21 11:01:00,38.698,-28.203,12,2.2,Ilha de S. Jorge (W)
2022-03-21 10:41:00,38.687,-28.171,11,2.1,Ilha de S. Jorge (W)
2022-03-21 10:38:00,38.697,-28.203,12,2.0,Ilha de S. Jorge (W)
2022-03-21 10:32:00,38.695,-28.186,10,2.3,Ilha de S. Jorge (W)
2022-03-21 10:28:00,38.69,-28.187,11,2.1,Ilha de S. Jorge (W)
2022-03-21 10:15:00,38.714,-28.199,13,2.1,Ilha de S. Jorge (W)
2022-03-21 09:46:00,38.686,-28.194,10,2.2,Ilha de S. Jorge (W)
2022-03-21 09:30:00,38.696,-28.167,13,2.6,Ilha de S. Jorge (W)
2022-03-21 09:21:00,38.692,-28.181,10,2.2,Ilha de S. Jorge (W)
2022-03-21 09:15:00,38.686,-28.138,12,2.0,Ilha de S. Jorge (W)
2022-03-21 08:56:00,38.669,-28.11,15,2.1,Ilha de S. Jorge (W)
2022-03-21 08:47:00,38.684,-28.144,10,2.2,Ilha de S. Jorge (W)
2022-03-21 08:35:00,38.695,-28.223,12,2.1,Ilha de S. Jorge (W)
2022-03-21 08:33:00,38.7,-28.21,13,2.5,Ilha de S. Jorge (W)
2022-03-21 08:20:00,38.704,-28.159,4,2.2,Ilha de S. Jorge (W)
2022-03-21 08:13:00,38.717,-28.173,16,2.2,Ilha de S. Jorge (W)
2022-03-21 07:57:00,38.702,-28.174,10,2.3,Ilha de S. Jorge (W)
2022-03-21 07:47:00,38.693,-28.173,13,2.2,Ilha de S. Jorge (W)
2022-03-21 07:27:00,38.694,-28.178,13,2.6,Ilha de S. Jorge (W)
2022-03-21 07:22:00,38.697,-28.177,11,2.0,Ilha de S. Jorge (W)
2022-03-21 07:18:00,38.712,-28.175,20,2.0,Ilha de S. Jorge (W)
2022-03-21 07:14:00,38.707,-28.187,23,2.4,Ilha de S. Jorge (W)
2022-03-21 06:45:00,38.702,-28.203,13,2.6,Ilha de S. Jorge (W)
2022-03-21 06:28:00,38.709,-28.151,15,2.3,Ilha de S. Jorge (W)
2022-03-21 06:26:00,38.699,-28.231,12,2.1,Ilha de S. Jorge (W)
2022-03-21 06:24:00,38.698,-28.2,11,2.5,Ilha de S. Jorge (W)
2022-03-21 06:19:00,38.695,-28.184,13,2.3,Ilha de S. Jorge (W)
2022-03-21 06:17:00,38.692,-28.19,10,2.1,Ilha de S. Jorge (W)
2022-03-21 06:00:00,38.713,-28.217,15,2.0,Ilha de S. Jorge (W)
2022-03-21 05:51:00,38.702,-28.205,12,2.0,Ilha de S. Jorge (W)
2022-03-21 05:24:00,38.712,-28.18,19,2.0,Ilha de S. Jorge (W)
2022-03-21 05:09:00,38.681,-28.184,12,2.0,Ilha de S. Jorge (W)
2022-03-21 04:43:00,38.692,-28.174,13,2.5,Ilha de S. Jorge (W)
2022-03-21 04:36:00,38.684,-28.171,12,2.0,Ilha de S. Jorge (W)
2022-03-21 04:29:00,38.7,-28.196,12,2.1,Ilha de S. Jorge (W)
2022-03-21 04:09:00,38.697,-28.201,14,2.1,Ilha de S. Jorge (W)
2022-03-21 03:52:00,38.693,-28.182,11,2.2,Ilha de S. Jorge (W)
2022-03-21 03:41:00,38.689,-28.171,12,2.3,Ilha de S. Jorge (W)
2022-03-21 03:23:00,38.705,-28.191,15,2.0,Ilha de S. Jorge (W)
2022-03-21 03:14:00,38.689,-28.155,14,2.5,Ilha de S. Jorge (W)
2022-03-21 03:10:00,38.705,-28.235,12,2.6,Ilha de S. Jorge (W)
2022-03-21 02:41:00,38.693,-28.171,13,2.0,Ilha de S. Jorge (W)
2022-03-21 02:25:00,38.697,-28.189,13,2.4,Ilha de S. Jorge (W)
2022-03-21 02:08:00,38.69,-28.183,13,2.0,Ilha de S. Jorge (W)
2022-03-21 01:09:00,38.701,-28.214,12,2.2,Ilha de S. Jorge (W)
2022-03-21 01:04:00,38.694,-28.21,11,2.5,Ilha de S. Jorge (W)
2022-03-21 01:01:00,38.7,-28.235,11,2.9,Ilha de S. Jorge (W)
2022-03-21 00:47:00,38.698,-28.185,10,2.6,Ilha de S. Jorge (W)
2022-03-21 00:30:00,38.689,-28.157,11,2.0,Ilha de S. Jorge (W)
2022-03-21 00:01:00,38.692,-28.181,13,2.5,Ilha de S. Jorge (W)
2022-03-20 23:46:00,38.7,-28.223,12,2.0,Ilha de S. Jorge (W)
2022-03-20 23:42:00,38.705,-28.208,12,2.0,Ilha de S. Jorge (W)
2022-03-20 23:29:00,38.684,-28.157,11,2.0,Ilha de S. Jorge (W)
2022-03-20 23:20:00,38.697,-28.206,12,2.1,Ilha de S. Jorge (W)
2022-03-20 23:17:00,38.706,-28.211,13,2.4,Ilha de S. Jorge (W)
2022-03-20 23:12:00,38.699,-28.186,11,2.3,Ilha de S. Jorge (W)
2022-03-20 22:56:00,38.691,-28.173,12,2.0,Ilha de S. Jorge (W)
2022-03-20 22:54:00,38.696,-28.188,9,2.1,Ilha de S. Jorge (W)
2022-03-20 22:37:00,38.68,-28.135,12,2.0,Ilha de S. Jorge (W)
2022-03-20 22:31:00,38.687,-28.185,13,2.1,Ilha de S. Jorge (W)
2022-03-20 21:59:00,38.707,-28.209,13,2.1,Ilha de S. Jorge (W)
2022-03-20 21:56:00,38.701,-28.209,12,2.1,Ilha de S. Jorge (W)
2022-03-20 21:50:00,38.691,-28.187,12,2.4,Ilha de S. Jorge (W)
2022-03-20 21:44:00,38.686,-28.13,5,2.2,Ilha de S. Jorge (W)
2022-03-20 21:37:00,38.712,-28.182,13,2.0,Ilha de S. Jorge (W)
2022-03-20 21:31:00,38.696,-28.181,12,2.3,Ilha de S. Jorge (W)
2022-03-20 21:16:00,38.719,-28.219,5,2.1,Ilha de S. Jorge (W)
2022-03-20 21:13:00,38.705,-28.219,12,2.2,Ilha de S. Jorge (W)
2022-03-20 20:55:00,38.694,-28.19,11,2.5,Ilha de S. Jorge (W)
2022-03-20 20:46:00,38.693,-28.192,10,2.0,Ilha de S. Jorge (W)
2022-03-20 20:46:00,38.689,-28.198,7,2.9,Ilha de S. Jorge (W)
2022-03-20 20:32:00,38.689,-28.192,12,2.5,Ilha de S. Jorge (W)
2022-03-20 20:18:00,38.7,-28.215,13,2.4,Ilha de S. Jorge (W)
2022-03-20 19:51:00,38.699,-28.226,12,2.7,Ilha de S. Jorge (W)
2022-03-20 19:34:00,38.694,-28.179,9,2.1,Ilha de S. Jorge (W)
2022-03-20 19:22:00,38.696,-28.213,12,2.0,Ilha de S. Jorge (W)
2022-03-20 19:12:00,38.695,-28.174,12,2.4,Ilha de S. Jorge (W)
2022-03-20 18:50:00,38.689,-28.153,10,2.3,Ilha de S. Jorge (W)
2022-03-20 18:18:00,38.704,-28.193,8,2.2,Ilha de S. Jorge (W)
2022-03-20 17:42:00,38.697,-28.182,7,2.2,Ilha de S. Jorge (W)
2022-03-20 17:39:00,38.703,-28.189,12,2.4,Ilha de S. Jorge (W)
2022-03-20 17:26:00,38.693,-28.207,7,2.2,Ilha de S. Jorge (W)
2022-03-20 17:26:00,38.691,-28.212,12,2.4,Ilha de S. Jorge (W)
2022-03-20 16:46:00,38.657,-28.099,26,2.2,Ilha de S. Jorge (W)
2022-03-20 16:16:00,38.703,-28.185,12,2.3,Ilha de S. Jorge (W)
2022-03-20 15:56:00,38.693,-28.205,12,2.1,Ilha de S. Jorge (W)
2022-03-20 15:41:00,38.691,-28.186,10,2.4,Ilha de S. Jorge (W)
2022-03-20 15:15:00,38.705,-28.228,12,2.0,Ilha de S. Jorge (W)
2022-03-20 15:13:00,38.695,-28.18,13,2.1,Ilha de S. Jorge (W)
2022-03-20 14:45:00,38.703,-28.178,13,2.0,Ilha de S. Jorge (W)
2022-03-20 14:27:00,38.686,-28.151,9,2.1,Ilha de S. Jorge (W)
2022-03-20 14:25:00,38.685,-28.167,9,2.0,Ilha de S. Jorge (W)
2022-03-20 13:48:00,38.69,-28.178,7,2.3,Ilha de S. Jorge (W)
2022-03-20 13:48:00,38.702,-28.192,11,2.3,Ilha de S. Jorge (W)
2022-03-20 13:42:00,38.698,-28.187,12,2.3,Ilha de S. Jorge (W)
2022-03-20 13:29:00,38.695,-28.165,10,2.1,Ilha de S. Jorge (W)
2022-03-20 13:22:00,38.692,-28.178,11,2.2,Ilha de S. Jorge (W)
2022-03-20 13:01:00,38.692,-28.174,14,2.1,Ilha de S. Jorge (W)
2022-03-20 12:59:00,38.7,-28.18,9,2.1,Ilha de S. Jorge (W)
2022-03-20 12:32:00,38.706,-28.194,13,2.3,Ilha de S. Jorge (W)
2022-03-20 12:07:00,38.676,-28.177,11,2.0,Ilha de S. Jorge (W)
2022-03-20 12:03:00,38.694,-28.187,11,2.0,Ilha de S. Jorge (W)
2022-03-20 11:51:00,38.694,-28.167,13,2.3,Ilha de S. Jorge (W)
2022-03-20 11:12:00,38.702,-28.214,13,2.1,Ilha de S. Jorge (W)
2022-03-20 10:46:00,38.701,-28.225,12,2.2,Ilha de S. Jorge (W)
2022-03-20 09:41:00,38.686,-28.153,9,2.2,Ilha de S. Jorge (W)
2022-03-20 09:41:00,38.69,-28.155,10,2.0,Ilha de S. Jorge (W)
2022-03-20 09:20:00,38.693,-28.224,10,2.4,Ilha de S. Jorge (W)
2022-03-20 09:20:00,38.704,-28.223,11,2.1,Ilha de S. Jorge (W)
2022-03-20 08:59:00,38.707,-28.205,12,2.0,Ilha de S. Jorge (W)
2022-03-20 08:52:00,38.688,-28.201,9,2.3,Ilha de S. Jorge (W)
2022-03-20 08:37:00,38.692,-28.189,11,2.1,Ilha de S. Jorge (W)
2022-03-20 08:15:00,38.693,-28.167,11,2.1,Ilha de S. Jorge (W)
2022-03-20 08:01:00,38.695,-28.19,12,2.3,Ilha de S. Jorge (W)
2022-03-20 07:32:00,38.698,-28.217,12,2.3,Ilha de S. Jorge (W)
2022-03-20 07:32:00,38.704,-28.183,14,2.0,Ilha de S. Jorge (W)
2022-03-20 07:08:00,38.694,-28.211,13,2.6,Ilha de S. Jorge (W)
2022-03-20 07:03:00,38.695,-28.175,12,2.1,Ilha de S. Jorge (W)
2022-03-20 06:47:00,38.683,-28.163,8,2.0,Ilha de S. Jorge (W)
2022-03-20 06:42:00,38.699,-28.195,10,2.4,Ilha de S. Jorge (W)
2022-03-20 06:33:00,38.701,-28.226,12,2.4,Ilha de S. Jorge (W)
2022-03-20 06:17:00,38.707,-28.204,13,2.0,Ilha de S. Jorge (W)
2022-03-20 06:06:00,38.703,-28.197,13,2.0,Ilha de S. Jorge (W)
2022-03-20 06:02:00,38.698,-28.193,12,2.1,Ilha de S. Jorge (W)
2022-03-20 05:59:00,38.699,-28.206,12,2.5,Ilha de S. Jorge (W)
2022-03-20 05:51:00,38.697,-28.157,13,2.0,Ilha de S. Jorge (W)
2022-03-20 05:51:00,38.697,-28.224,12,2.1,Ilha de S. Jorge (W)
2022-03-20 05:38:00,38.701,-28.215,12,2.2,Ilha de S. Jorge (W)
2022-03-20 05:31:00,38.694,-28.183,12,2.1,Ilha de S. Jorge (W)
2022-03-20 05:19:00,38.693,-28.191,12,2.0,Ilha de S. Jorge (W)
2022-03-20 05:18:00,38.696,-28.185,10,2.3,Ilha de S. Jorge (W)
2022-03-20 05:16:00,38.705,-28.215,12,2.2,Ilha de S. Jorge (W)
2022-03-20 05:14:00,38.7,-28.181,12,2.1,Ilha de S. Jorge (W)
2022-03-20 05:00:00,38.706,-28.222,12,2.3,Ilha de S. Jorge (W)
2022-03-20 04:58:00,38.702,-28.225,12,2.3,Ilha de S. Jorge (W)
2022-03-20 04:52:00,38.706,-28.223,9,2.7,Ilha de S. Jorge (W)
2022-03-20 04:39:00,38.696,-28.188,10,2.2,Ilha de S. Jorge (W)
2022-03-20 04:26:00,38.693,-28.177,7,2.0,Ilha de S. Jorge (W)
2022-03-20 04:25:00,38.694,-28.183,10,2.1,Ilha de S. Jorge (W)
2022-03-20 04:20:00,38.67,-28.188,17,2.5,Ilha de S. Jorge (W)
2022-03-20 03:53:00,38.704,-28.221,13,2.3,Ilha de S. Jorge (W)
2022-03-20 03:48:00,38.704,-28.222,12,2.4,Ilha de S. Jorge (W)
2022-03-20 03:44:00,38.693,-28.187,11,2.7,Ilha de S. Jorge (W)
2022-03-20 03:43:00,38.692,-28.211,8,3.5,Ilha de S. Jorge (W)
2022-03-20 03:34:00,38.691,-28.228,6,3.3,Ilha de S. Jorge (W)
2022-03-20 03:19:00,38.697,-28.205,10,2.2,Ilha de S. Jorge (W)
2022-03-20 03:18:00,38.697,-28.209,12,2.0,Ilha de S. Jorge (W)
2022-03-20 03:14:00,38.702,-28.215,12,2.4,Ilha de S. Jorge (W)
2022-03-20 03:09:00,38.707,-28.226,12,2.5,Ilha de S. Jorge (W)
2022-03-20 03:04:00,38.707,-28.226,10,2.3,Ilha de S. Jorge (W)
2022-03-20 02:59:00,38.699,-28.225,12,2.3,Ilha de S. Jorge (W)
2022-03-20 02:55:00,38.697,-28.211,13,2.3,Ilha de S. Jorge (W)
2022-03-20 02:52:00,38.711,-28.221,13,2.5,Ilha de S. Jorge (W)
2022-03-20 02:37:00,38.686,-28.209,10,2.2,Ilha de S. Jorge (W)
2022-03-20 02:35:00,38.683,-28.167,7,2.4,Ilha de S. Jorge (W)
2022-03-20 01:55:00,38.65,-28.046,1,2.3,Ilha de S. Jorge (W)
2022-03-20 01:25:00,38.687,-28.173,10,2.1,Ilha de S. Jorge (W)
2022-03-20 01:05:00,38.704,-28.189,12,2.2,Ilha de S. Jorge (W)
2022-03-20 00:37:00,38.69,-28.203,9,2.0,Ilha de S. Jorge (W)
2022-03-20 00:24:00,38.694,-28.196,10,2.2,Ilha de S. Jorge (W)
2022-03-19 23:46:00,38.692,-28.18,10,2.0,Ilha de S. Jorge (W)
2022-03-19 23:39:00,38.589,-28.182,19,2.0,Canal de S. Jorge
2022-03-19 23:37:00,38.696,-28.202,10,2.1,Ilha de S. Jorge (W)
2022-03-19 23:28:00,38.703,-28.21,10,2.1,Ilha de S. Jorge (W)
2022-03-19 23:19:00,38.722,-28.231,11,2.2,Ilha de S. Jorge (W)
2022-03-19 23:17:00,38.684,-28.18,10,2.6,Ilha de S. Jorge (W)
2022-03-19 23:10:00,38.67,-28.107,6,2.4,Ilha de S. Jorge (W)
2022-03-19 23:01:00,38.671,-28.11,5,2.1,Ilha de S. Jorge (W)
2022-03-19 22:14:00,38.656,-28.044,1,2.0,Ilha de S. Jorge (W)
2022-03-19 22:09:00,38.645,-28.039,1,2.1,Ilha de S. Jorge (W)
2022-03-19 22:01:00,38.656,-28.062,4,2.0,Ilha de S. Jorge (W)
2022-03-19 21:45:00,38.668,-28.102,4,2.4,Ilha de S. Jorge (W)
2022-03-19 21:21:00,38.674,-28.124,2,2.9,Ilha de S. Jorge (W)
2022-03-19 21:02:00,38.678,-28.102,5,2.1,Ilha de S. Jorge (W)
2022-03-19 20:21:00,38.675,-28.125,4,2.5,Ilha de S. Jorge (W)
2022-03-19 20:16:00,38.632,-28.045,5,2.7,Ilha de S. Jorge (W)
2022-03-19 20:13:00,38.675,-28.126,4,2.7,Ilha de S. Jorge (W)
2022-03-19 20:07:00,38.673,-28.129,4,2.8,Ilha de S. Jorge (W)
2022-03-19 20:06:00,38.676,-28.134,1,2.3,Ilha de S. Jorge (W)
2022-03-19 20:01:00,38.675,-28.122,5,2.9,Ilha de S. Jorge (W)
2022-03-19 19:56:00,38.674,-28.129,5,3.1,Ilha de S. Jorge (W)
2022-03-19 19:52:00,38.684,-28.145,7,3.0,Ilha de S. Jorge (W)
2022-03-19 19:50:00,38.686,-28.141,7,3.0,Ilha de S. Jorge (W)
2022-03-19 19:48:00,38.679,-28.126,5,2.9,Ilha de S. Jorge (W)
2022-03-19 19:45:00,38.69,-28.16,11,3.3,Ilha de S. Jorge (W)
2022-03-19 19:41:00,38.68,-28.143,7,3.6,Ilha de S. Jorge (W)
2022-03-19 19:37:00,38.681,-28.149,7,3.3,Ilha de S. Jorge (W)
2022-03-19 19:30:00,38.681,-28.135,11,3.3,Ilha de S. Jorge (W)
2022-03-19 19:27:00,38.689,-28.145,6,3.0,Ilha de S. Jorge (W)
2022-03-19 19:22:00,38.667,-28.114,6,2.6,Ilha de S. Jorge (W)
2022-03-19 19:14:00,38.679,-28.125,4,2.7,Ilha de S. Jorge (W)
2022-03-19 19:12:00,38.676,-28.122,5,3.1,Ilha de S. Jorge (W)
2022-03-19 19:08:00,38.673,-28.119,6,3.1,Ilha de S. Jorge (W)
2022-03-19 19:07:00,38.672,-28.12,5,2.8,Ilha de S. Jorge (W)
2022-03-19 19:06:00,38.68,-28.118,6,3.0,Ilha de S. Jorge (W)
2022-03-19 19:04:00,38.675,-28.124,7,3.1,Ilha de S. Jorge (W)
2022-03-19 19:01:00,38.658,-28.075,5,2.6,Ilha de S. Jorge (W)
2022-03-19 19:00:00,38.672,-28.119,6,2.9,Ilha de S. Jorge (W)
2022-03-19 18:42:00,38.682,-28.109,6,2.3,Ilha de S. Jorge (W)
2022-03-19 18:40:00,38.625,-28.06,7,2.9,Ilha de S. Jorge (W)
2022-03-19 18:24:00,38.656,-28.081,6,2.8,Ilha de S. Jorge (W)
2022-03-19 18:24:00,38.66,-28.076,6,2.6,Ilha de S. Jorge (W)
2022-03-19 18:23:00,38.647,-28.05,5,2.7,Ilha de S. Jorge (W)
2022-03-19 18:22:00,38.665,-28.084,6,2.4,Ilha de S. Jorge (W)
2022-03-19 18:22:00,38.67,-28.088,5,2.5,Ilha de S. Jorge (W)
2022-03-19 18:22:00,38.665,-28.078,6,2.6,Ilha de S. Jorge (W)
2022-03-19 18:21:00,38.681,-28.097,7,2.4,Ilha de S. Jorge (W)
2022-03-19 18:21:00,38.657,-28.076,7,2.9,Ilha de S. Jorge (W)
2022-03-19 18:20:00,38.653,-28.078,6,3.3,Ilha de S. Jorge (W)
2022-03-19 18:19:00,38.667,-28.09,6,3.3,Ilha de S. Jorge (W)
2022-03-19 17:56:00,38.67,-28.087,7,2.1,Ilha de S. Jorge (W)
2022-03-19 17:55:00,38.674,-28.095,6,2.2,Ilha de S. Jorge (W)
2022-03-19 17:53:00,38.668,-28.06,11,2.1,Ilha de S. Jorge (W)
2022-03-19 17:49:00,38.664,-28.084,7,2.1,Ilha de S. Jorge (W)
2022-03-19 17:48:00,38.662,-28.069,10,2.3,Ilha de S. Jorge (W)
2022-03-19 17:11:00,38.661,-28.097,8,2.2,Ilha de S. Jorge (W)
